title,author_name,rating,ratings,year
Heartstopper: Volume Four,Alice Oseman,4.67,227360,2021
It Starts with Us,Colleen Hoover,4.64,3988,2022
Heartstopper: Volume Three,Alice Oseman,4.63,273686,2020
Kingdom of Ash,Sarah J. Maas,4.62,261600,2018
Crooked Kingdom,Leigh Bardugo,4.61,477098,2016
Heartstopper: Volume Two,Alice Oseman,4.6,316062,2019
Queen of Shadows,Sarah J. Maas,4.56,412140,2015
Empire of Storms,Sarah J. Maas,4.56,343879,2016
Acheron,Sherrilyn Kenyon,4.56,58019,2008
Heartstopper: Volume One,Alice Oseman,4.53,430677,2018
Reminders of Him,Colleen Hoover,4.52,523841,2022
House of Sky and Breath,Sarah J. Maas,4.52,151116,2022
Wildfire,Ilona Andrews,4.5,34237,2017
Redeeming Love,Francine Rivers,4.5,273997,1991
House of Earth and Blood,Sarah J. Maas,4.48,312233,2020
The Seven Husbands of Evelyn Hugo,Taylor Jenkins Reid,4.47,1520986,2017
White Hot,Ilona Andrews,4.47,38726,2017
Heir of Fire,Sarah J. Maas,4.46,473089,2014
Ignite Me,Tahereh Mafi,4.45,262482,2014
The House in the Cerulean Sea,T.J. Klune,4.45,358972,2020
Kiss of Snow,Nalini Singh,4.45,30080,2011
Lover Awakened,J.R. Ward,4.44,173335,2006
Lord of Shadows,Cassandra Clare,4.44,129104,2017
A Court of Wings and Ruin,Sarah J. Maas,4.43,655054,2017
A Kingdom of Flesh and Fire,Jennifer L. Armentrout,4.43,224628,2020
An Echo in the Bone,Diana Gabaldon,4.43,139381,2009
A Breath of Snow and Ashes,Diana Gabaldon,4.43,163691,2005
Clockwork Prince,Cassandra Clare,4.43,515519,2011
Winter,Marissa Meyer,4.43,245936,2015
Demon from the Dark,Kresley Cole,4.43,46053,2010
Kings Rising,C.S. Pacat,4.43,49858,2016
Full Tilt,Emma   Scott,4.42,21057,2016
Cress,Marissa Meyer,4.42,332040,2014
A ​Court of Silver Flames,Sarah J. Maas,4.41,380727,2021
Reckless,S.C. Stephens,4.41,77124,2013
Beard Science,Penny Reid,4.41,31256,2016
Lady Luck,Kristen Ashley,4.41,38174,2011
Part of Your World,Abby Jimenez,4.41,54863,2022
Magic Slays,Ilona Andrews,4.4,70852,2011
Lover Mine,J.R. Ward,4.39,109537,2010
Motorcycle Man,Kristen Ashley,4.39,55492,2012
Dreamfever,Karen Marie Moning,4.38,98363,2009
Lothaire,Kresley Cole,4.38,44918,2012
Voyager,Diana Gabaldon,4.38,286958,1993
It Ends with Us,Colleen Hoover,4.38,1641804,2016
The Song of Achilles,Madeline Miller,4.38,950167,2011
Silver Borne,Patricia Briggs,4.38,102351,2010
Sweet Dreams,Kristen Ashley,4.38,47278,2011
Lady Midnight,Cassandra Clare,4.37,209164,2016
Pleasure of a Dark Prince,Kresley Cole,4.37,43345,2010
The Queen of Nothing,Holly Black,4.37,396096,2019
The Prince and the Dressmaker,Jen Wang,4.37,87981,2018
Lore Olympus: Volume One,Rachel  Smythe,4.37,66132,2021
Dance with the Devil,Sherrilyn Kenyon,4.37,64073,2003
Last Sacrifice,Richelle Mead,4.37,275495,2010
Crown of Midnight,Sarah J. Maas,4.36,554931,2013
Wolfsong,T.J. Klune,4.36,41622,2016
Lover Avenged,J.R. Ward,4.36,111849,2009
The King,J.R. Ward,4.36,52334,2014
The Indigo Spell,Richelle Mead,4.36,99921,2013
Heart Bones,Colleen Hoover,4.35,224754,2020
All Rhodes Lead Here,Mariana Zapata,4.35,70129,2021
Effortless,S.C. Stephens,4.35,115071,2011
Opposition,Jennifer L. Armentrout,4.35,78823,2014
Love and Other Words,Christina Lauren,4.35,215451,2018
Almost Heaven,Judith McNaught,4.34,26999,1989
Dark Desires After Dusk,Kresley Cole,4.34,46777,2008
Breathe,Kristen Ashley,4.34,36423,2012
Night Play,Sherrilyn Kenyon,4.34,53073,2004
Seize the Night,Sherrilyn Kenyon,4.34,46888,2004
From Lukov with Love,Mariana Zapata,4.34,144173,2018
The Wicked King,Holly Black,4.34,445996,2019
Aristotle and Dante Discover the Secrets of the Universe,Benjamin Alire Sáenz,4.34,476866,2012
Origin,Jennifer L. Armentrout,4.34,106214,2013
Wicked Deeds on a Winter's Night,Kresley Cole,4.34,53529,2007
Drums of Autumn,Diana Gabaldon,4.34,232769,1996
Cemetery Boys,Aiden Thomas,4.33,63034,2020
Spirit Bound,Richelle Mead,4.33,281912,2010
Archer's Voice,Mia Sheridan,4.33,183482,2014
The Assassin's Blade,Sarah J. Maas,4.33,255753,2014
Dragonfly in Amber,Diana Gabaldon,4.33,327326,1992
Champion,Marie Lu,4.33,199846,2013
The Simple Wild,Becky Albertalli,4.33,72371,2018
Hothouse Flower,Krista Ritchie,4.33,39279,2014
Bright Side,Kim Holden,4.33,45290,2014
Lover Reborn,J.R. Ward,4.33,80075,2012
Burn for Me,Ilona Andrews,4.32,53398,2014
Destined for an Early Grave,Jeaniene Frost,4.32,83078,2009
Ransom,Julie Garwood,4.32,33842,1999
Us,Sarina Bowen,4.32,26412,2016
Twisted Lies,Ana Huang,4.32,57535,2022
Felix Ever After,Kacen Callender,4.32,47296,2020
The Hunger Games,Suzanne Collins,4.32,7591926,2008
Clockwork Angel,Cassandra Clare,4.32,776513,2010
Blood Promise,Richelle Mead,4.31,299530,2009
Wait for It,Mariana Zapata,4.31,69159,2016
Something Wonderful,Judith McNaught,4.31,28330,1988
The Golden Lily,Richelle Mead,4.31,115487,2012
Reflected in You,Sylvia Day,4.31,334677,2012
Lover Unbound,J.R. Ward,4.31,129500,2007
Kulti,Mariana Zapata,4.31,95837,2015
The Maddest Obsession,Danielle Lori,4.31,85902,2019
The Sea of Tranquility,Katja Millay,4.3,83835,2012
The Bronze Horseman,Paullina Simons,4.3,78595,2000
Law Man,Kristen Ashley,4.3,43965,2012
Paradise,Judith McNaught,4.3,33238,1991
The Immortal Highlander,Karen Marie Moning,4.3,35973,2004
Kiss of the Highlander,Karen Marie Moning,4.3,41767,2001
Perfect,Judith McNaught,4.3,23473,1993
Catching Fire,Suzanne Collins,4.3,3064538,2009
Gone with the Wind,Margaret Mitchell,4.3,1160178,1936
Rock Chick Rescue,Kristen Ashley,4.3,36458,2009
Blood Bound,Patricia Briggs,4.3,121647,2007
Before Jamaica Lane,Samantha Young,4.3,42069,2014
November 9,Colleen Hoover,4.29,532191,2015
Hopeless,Colleen Hoover,4.29,383899,2012
Things We Never Got Over,Lucy Score,4.29,175869,2022
The Risk,S.T. Abby,4.29,73865,2016
The Love Hypothesis,Ali Hazelwood,4.29,724017,2021
The Blue Castle,L.M. Montgomery,4.29,36734,1926
City of Glass,Cassandra Clare,4.29,901506,2009
From Blood and Ash,Jennifer L. Armentrout,4.29,325849,2020
Dark Needs at Night's Edge,Kresley Cole,4.29,49180,2008
The Will,Kristen Ashley,4.29,29046,2014
Kiss the Sky,Krista Ritchie,4.29,47515,2014
Losing Hope,Colleen Hoover,4.29,135445,2013
Him,Sarina Bowen,4.29,47672,2015
One Foot in the Grave,Jeaniene Frost,4.29,101508,2008
Howl’s Moving Castle,Diana Wynne Jones,4.28,284025,1986
Sustained,Emma Chase,4.28,29349,2015
Immortal in Death,J.D. Robb,4.28,51583,1996
Tower of Dawn,Sarah J. Maas,4.28,246170,2017
Lead,Kylie Scott,4.28,47155,2014
Strange the Dreamer,Laini Taylor,4.28,107451,2017
Better Than the Movies,Lynn Painter,4.27,56775,2021
The Sweet Gum Tree,Katherine Allred,4.27,29341,2005
The Dark Highlander,Karen Marie Moning,4.27,36922,2002
Glory in Death,J.D. Robb,4.27,59298,1995
Spell of the Highlander,Karen Marie Moning,4.27,26290,2005
The Deal,Elle Kennedy,4.27,431337,2015
The Wall of Winnipeg and Me,Mariana Zapata,4.27,181562,2016
Hunting Ground,Patricia Briggs,4.27,66592,2009
No Rest for the Wicked,Kresley Cole,4.27,56303,2006
Terms and Conditions,Lauren Asher,4.27,78931,2022
Twice Tempted,Jeaniene Frost,4.26,41696,2013
Addicted for Now,Krista Ritchie,4.26,42708,2013
The Gamble,Kristen Ashley,4.26,57504,2011
Opal,Jennifer L. Armentrout,4.26,143863,2012
Branded by Fire,Nalini Singh,4.26,31242,2009
Driven,K. Bromberg,4.26,59370,2013
Managed,Kristen Callihan,4.26,31104,2016
The Princess Bride,William Goldman,4.26,852415,1973
Me Before You,Jojo Moyes,4.26,1436094,2012
Scarlet,Marissa Meyer,4.26,377397,2013
This Side of the Grave,Jeaniene Frost,4.26,61607,2011
Saving Grace,Julie Garwood,4.25,26972,1993
Until You,Penelope Douglas,4.25,48336,2013
The Raven King,Maggie Stiefvater,4.25,129859,2016
Bloodfever,Karen Marie Moning,4.25,103842,2007
The Secret,Julie Garwood,4.25,49646,1992
Lovely War,Julie Berry,4.25,44230,2019
Onyx,Jennifer L. Armentrout,4.25,171763,2012
Illuminae,Amie Kaufman,4.25,141918,2015
Outlander,Diana Gabaldon,4.25,957461,1991
The Fiery Cross,Diana Gabaldon,4.24,195915,2001
Rebecca,Daphne du Maurier,4.24,556837,1938
Devil in Winter,Lisa Kleypas,4.24,77013,2006
Point of Retreat,Colleen Hoover,4.24,163696,2012
Prodigy,Marie Lu,4.24,241293,2013
Daisy Jones & The Six,Taylor Jenkins Reid,4.24,740691,2019
Valley of Silence,Nora Roberts,4.24,28563,2006
The Bride,Julie Garwood,4.23,62543,1989
Twisted Perfection,Abbi Glines,4.23,66094,2013
City of Lost Souls,Cassandra Clare,4.23,493192,2012
Honor's Splendour,Julie Garwood,4.23,31123,1987
The ​Crown of Gilded Bones,Jennifer L. Armentrout,4.23,160403,2021
Play of Passion,Nalini Singh,4.23,27951,2010
Night Embrace,Sherrilyn Kenyon,4.23,58839,2003
The Dream Thieves,Maggie Stiefvater,4.22,182623,2013
Egomaniac,Vi Keeland,4.22,44747,2017
Beauty from Pain,Georgia Cates,4.22,55542,2013
The Edge of Never,J.A. Redmerski,4.22,146564,2012
Regretting You,Colleen Hoover,4.22,287156,2019
Ugly Love,Colleen Hoover,4.22,929379,2014
The Invisible Life of Addie LaRue,V.E. Schwab,4.22,686794,2020
Slammed,Colleen Hoover,4.22,254688,2012
The Prize,Julie Garwood,4.22,29102,1991
Born in Fire,Nora Roberts,4.22,71920,1994
The Witness,Nora Roberts,4.22,75491,2012
The Winner's Kiss,Marie Rutkoski,4.22,46572,2016
Mystery Man,Kristen Ashley,4.21,70047,2011
Beauty and the Mustache,Penny Reid,4.21,27550,2014
Dance of Thieves,Mary E. Pearson,4.21,70427,2018
The Score,Elle Kennedy,4.21,195637,2016
Safe Haven,Nicholas Sparks,4.21,363661,2010
Never Love a Highlander,Maya Banks,4.21,25853,2011
The Obsession,Nora Roberts,4.21,71821,2016
Before We Were Strangers,Renee Carlino,4.21,55835,2015
Forever Too Far,Abbi Glines,4.21,84454,2013
Life's Too Short,Abby Jimenez,4.21,53005,2021
Reason to Breathe,Rebecca    Donovan,4.21,90348,2011
Down London Road,Samantha Young,4.21,52006,2013
Finale,Stephanie Garber,4.21,96804,2019
A Kingdom of Dreams,Judith McNaught,4.21,50780,1989
White Hot Kiss,Jennifer L. Armentrout,4.2,71136,2014
A Knight in Shining Armor,Jude Deveraux,4.2,35480,1989
Once Burned,Jeaniene Frost,4.2,66290,2012
Love in the Afternoon,Lisa Kleypas,4.2,44436,2010
Dance Upon the Air,Nora Roberts,4.2,68172,2001
Delilah Green Doesn't Care,Ashley Herring Blake,4.2,26876,2022
Simon vs. the Homo Sapiens Agenda,Becky Albertalli,4.2,389450,2015
The Iron Queen,Julie Kagawa,4.2,104266,2011
I Wish You All the Best,Mason Deaver,4.2,35376,2019
Archangel's Kiss,Nalini Singh,4.2,55634,2010
The Opportunist,Tarryn Fisher,4.2,51392,2011
Carry On,Rainbow Rowell,4.2,280623,2015
Five Feet Apart,Rachael Lippincott,4.2,173328,2018
Collide,Gail McHugh,4.2,64734,2013
Own the Wind,Kristen Ashley,4.2,47464,2013
Beard in Mind,Penny Reid,4.2,22558,2017
Gentle Rogue,Johanna Lindsey,4.2,21517,1990
The Bird and the Sword,Amy Harmon,4.2,36320,2016
By a Thread,Lucy Score,4.19,52857,2020
A Court of Thorns and Roses,Sarah J. Maas,4.19,1141409,2015
Night Pleasures,Sherrilyn Kenyon,4.19,77021,2002
Smaragdgrün,Kerstin Gier,4.19,88106,2010
Wild Man,Kristen Ashley,4.19,42456,2011
Kiss an Angel,Susan Elizabeth Phillips,4.19,58552,1996
The Book of Life,Deborah Harkness,4.19,171986,2014
Chesapeake Blue,Nora Roberts,4.19,33157,2002
Frederica,Georgette Heyer,4.19,20606,1965
Under the Whispering Door,T.J. Klune,4.19,102049,2021
Tears of the Moon,Nora Roberts,4.19,33160,2000
Scandalous,L.J. Shen,4.18,45822,2017
Ruckus,L.J. Shen,4.18,49537,2017
Once and Always,Judith McNaught,4.18,25997,1987
Autoboyography,Christina Lauren,4.18,47602,2017
Happy Ever After,Nora Roberts,4.18,57059,2010
Unravel Me,Tahereh Mafi,4.18,310275,2013
Rules of Attraction,Simone Elkeles,4.18,86658,2010
The Guernsey Literary and Potato Peel Pie Society,Mary Ann Shaffer,4.18,698006,2008
Dreaming of You,Lisa Kleypas,4.18,40674,1994
On Dublin Street,Samantha Young,4.18,189455,2012
The Happy Ever After Playlist,Abby Jimenez,4.17,68882,2020
The One,Kiera Cass,4.17,574496,2014
King,T.M. Frazier,4.17,43994,2015
Restore Me,Tahereh Mafi,4.17,116386,2018
The Perfect Hope,Nora Roberts,4.17,43739,2012
Key of Light,Nora Roberts,4.17,59041,2003
Shelter Mountain,Robyn Carr,4.17,37378,2007
The Coincidence of Callie & Kayden,Jessica Sorensen,4.17,114624,2012
Today Tonight Tomorrow,Rachel Lynn Solomon,4.17,45486,2020
Rock Chick,Kristen Ashley,4.17,56208,2008
Never Too Far,Abbi Glines,4.17,119168,2013
The Air He Breathes,Brittainy C. Cherry,4.17,57678,2015
Tempt Me at Twilight,Lisa Kleypas,4.17,41823,2009
Saphirblau,Kerstin Gier,4.17,97457,2010
The Pagan Stone,Nora Roberts,4.17,30352,2008
A Thousand Boy Kisses,Tillie Cole,4.16,102788,2016
"Red, White & Royal Blue",Casey McQuiston,4.16,607767,2019
Fallen Too Far,Abbi Glines,4.16,169269,2012
The Fault in Our Stars,John Green,4.16,4501032,2012
Finding Cinderella,Colleen Hoover,4.16,87058,2013
Beautiful Stranger,Christina Lauren,4.16,86066,2013
Real,Katy Evans,4.16,106565,2013
The Longest Ride,Nicholas Sparks,4.16,127530,2012
Bossman,Vi Keeland,4.16,63756,2016
Legend,Marie Lu,4.16,487553,2011
Divergent,Veronica Roth,4.16,3540949,2011
Dark Lover,J.R. Ward,4.16,320970,2005
Seduction of a Highland Lass,Maya Banks,4.16,24224,2011
Bared to You,Sylvia Day,4.16,498707,2012
Swear on This Life,Renee Carlino,4.16,36950,2016
The Mighty Storm,Samantha Towle,4.16,72206,2012
Dance of the Gods,Nora Roberts,4.16,29877,2006
The Darkest Minds,Alexandra Bracken,4.16,176313,2012
Born in Ice,Nora Roberts,4.16,36638,1995
Eliza and Her Monsters,Francesca Zappia,4.16,60125,2017
Blood Brothers,Nora Roberts,4.16,52509,2007
The Wedding,Julie Garwood,4.16,33476,1995
"Act Your Age, Eve Brown",Talia Hibbert,4.16,64493,2021
Love From A to Z,S.K. Ali,4.16,15600,2019
Stay with Me,Jennifer L. Armentrout,4.16,32339,2014
Heart of the Sea,Nora Roberts,4.15,30801,2000
The Grand Sophy,Georgette Heyer,4.15,30755,1950
The Last Song,Nicholas Sparks,4.15,536546,2008
Obsidian,Jennifer L. Armentrout,4.15,267374,2011
Never Seduce a Scot,Maya Banks,4.15,31542,2012
Top Secret,Sarina Bowen,4.15,17678,2019
Once Upon a Broken Heart,Stephanie Garber,4.15,58490,2021
Face the Fire,Nora Roberts,4.15,39714,2002
Fantasy Lover,Sherrilyn Kenyon,4.15,90374,2002
Hani and Ishu's Guide to Fake Dating,Adiba Jaigirdar,4.15,21328,2021
Dear Ava,Ilsa Madden-Mills,4.15,41261,2020
I'll Give You the Sun,Jandy Nelson,4.15,309331,2014
Aristotle and Dante Dive into the Waters of the World,Benjamin Alire Sáenz,4.15,51341,2021
A Not So Meet Cute,Meghan Quinn,4.15,60854,2021
World After,Susan Ee,4.15,100144,2013
Natural Born Charmer,Susan Elizabeth Phillips,4.15,35013,2007
The Hollow,Nora Roberts,4.14,31799,2008
Heaven and Earth,Nora Roberts,4.14,40486,2001
Days of Blood & Starlight,Laini Taylor,4.14,156341,2012
First Drop of Crimson,Jeaniene Frost,4.14,56219,2010
Smooth Talking Stranger,Lisa Kleypas,4.14,39342,2009
Savor the Moment,Nora Roberts,4.14,55327,2010
Chasing Cassandra,Lisa Kleypas,4.14,24023,2020
North and South,Elizabeth Gaskell,4.14,158995,1854
Married by Morning,Lisa Kleypas,4.14,39467,2010
Jane Eyre,Charlotte Brontë,4.14,1896342,1847
All the Bright Places,Jennifer Niven,4.14,471843,2015
Memoirs of a Geisha,Arthur Golden,4.14,1885367,1997
Grin and Beard It,Penny Reid,4.14,27092,2016
Hate Notes,Vi Keeland,4.14,63594,2018
Moon Called,Patricia Briggs,4.14,196203,2006
Flock,Kate  Stewart,4.14,65945,2020
Morrigan's Cross,Nora Roberts,4.14,52998,2006
Finale,Becca Fitzpatrick,4.14,163162,2012
Chasing Fire,Nora Roberts,4.13,38137,2011
Sylvester,Georgette Heyer,4.13,15870,1957
Halfway to the Grave,Jeaniene Frost,4.13,151672,2007
The Notebook,Nicholas Sparks,4.13,1537458,1996
The Bodyguard,Katherine Center,4.13,46261,2022
You Should See Me in a Crown,Leah  Johnson,4.13,36131,2020
Match Me If You Can,Susan Elizabeth Phillips,4.13,45324,2005
Perfection,R.L. Mathewson,4.13,64231,2011
A Very Large Expanse of Sea,Tahereh Mafi,4.13,51694,2018
Fixed on You,Laurelin Paige,4.13,54771,2013
Black Hills,Nora Roberts,4.13,38453,2009
Call Me By Your Name,André Aciman,4.13,389241,2007
City of Ashes,Cassandra Clare,4.13,865831,2008
Dreams of Gods & Monsters,Laini Taylor,4.13,102978,2014
Checkmate,R.L. Mathewson,4.13,47848,2012
The Highlander's Touch,Karen Marie Moning,4.13,31955,2000
"Whitney, My Love",Judith McNaught,4.13,34654,1985
Key of Valor,Nora Roberts,4.13,36182,2003
Second Chance Summer,Morgan Matson,4.13,50899,2012
Royally Matched,Emma Chase,4.12,22965,2017
Release Me,J. Kenner,4.12,77852,2013
Love Hacked,Penny Reid,4.12,24306,2014
Because of Low,Abbi Glines,4.12,55748,2012
The Darkest Temptation,Danielle Lori,4.12,65357,2020
Captivated by You,Sylvia Day,4.12,104998,2014
The Truth About Forever,Sarah Dessen,4.12,218798,2004
Vision in White,Nora Roberts,4.12,134276,2009
Still Me,Jojo Moyes,4.12,181067,2018
The Lucky One,Nicholas Sparks,4.12,347631,2007
Rule,Jay Crownover,4.12,97511,2012
Be with Me,Jennifer L. Armentrout,4.12,46763,2014
Pretty Reckless,L.J. Shen,4.12,56819,2019
Key of Knowledge,Nora Roberts,4.12,36506,2003
The Next Always,Nora Roberts,4.12,79935,2011
Cry Wolf,Patricia Briggs,4.12,97790,2008
A Hunger Like No Other,Kresley Cole,4.12,78645,2006
Rubinrot,Kerstin Gier,4.12,138597,2009
Naked in Death,J.D. Robb,4.12,181828,1995
Bed of Roses,Nora Roberts,4.12,60829,2009
Dead to the World,Charlaine Harris,4.12,253637,2004
Venetia,Georgette Heyer,4.11,16407,1958
Destroy Me,Tahereh Mafi,4.11,137383,2012
Vampire Academy,Richelle Mead,4.11,614151,2007
A Week to Be Wicked,Tessa Dare,4.11,31300,2012
Lover Enshrined,J.R. Ward,4.11,113315,2008
On the Island,Tracey Garvis Graves,4.11,81213,2011
Marrying Winterborne,Lisa Kleypas,4.11,35087,2016
Born in Shame,Nora Roberts,4.1,34165,1996
The Sweetest Thing,Jill Shalvis,4.1,19800,2011
"It Ain't Me, Babe",Tillie Cole,4.1,43938,2014
The Game Plan,Kristen Callihan,4.1,29269,2015
The Winner's Crime,Marie Rutkoski,4.1,62529,2015
One True Loves,Sarah MacLean,4.1,164083,2016
Fire,Kristin Cashore,4.1,177298,2009
Love & Gelato,Jenna Evans Welch,4.1,102568,2016
The Stopover,T.L. Swan,4.1,83232,2019
Call Me Irresistible,Susan Elizabeth Phillips,4.1,23057,2010
Finding the Dream,Nora Roberts,4.1,21944,1997
Ten Tiny Breaths,K.A. Tucker,4.1,76134,2012
Water for Elephants,Sara Gruen,4.1,1520037,2006
Luna and the Lie,Mariana Zapata,4.1,43382,2018
The Dead Romantics,Ashley Poston,4.1,27054,2022
Stuck-Up Suit,Vi Keeland,4.1,65530,2016
Seven Days in June,Gayle Forman,4.09,78605,2021
Chain Reaction,Simone Elkeles,4.09,62409,2011
Devil in Spring,Lisa Kleypas,4.09,34046,2017
Flowers from the Storm,Laura Kinsale,4.09,14924,1992
Love Irresistibly,Julie James,4.09,17950,2013
These Old Shades,Georgette Heyer,4.09,18068,1926
Fallen Crest High,Tijan,4.09,54947,2012
Until November,Aurora Rose Reynolds,4.09,50523,2013
Malibu Rising,Taylor Jenkins Reid,4.09,595597,2021
Thoughtless,S.C. Stephens,4.09,138379,2012
Lord of Scoundrels,Loretta Chase,4.09,34076,1995
Boyfriend Material,Alexis  Hall,4.09,81105,2020
Since You've Been Gone,Morgan Matson,4.09,109598,2014
This Heart of Mine,Lisa Kleypas,4.09,30843,2001
Counting Down with You,Tashie Bhuiyan,4.09,15123,2021
Boyfriend Material,Alexis  Hall,4.09,81106,2020
The Cruel Prince,Holly Black,4.09,721361,2018
Slave to Sensation,Nalini Singh,4.09,70446,2006
City of Fallen Angels,Cassandra Clare,4.09,559039,2011
Happily Ever After,Kiera Cass,4.09,56952,2015
Ain't She Sweet?,Susan Elizabeth Phillips,4.08,23538,2004
Arabella,Georgette Heyer,4.08,18588,1949
Sparrow,L.J. Shen,4.08,48585,2016
Hideaway,Penelope Douglas,4.08,58200,2017
City of Bones,Cassandra Clare,4.08,1860270,2007
The Scorpio Races,Maggie Stiefvater,4.08,105997,2011
The Sweetest Oblivion,Danielle Lori,4.08,143376,2018
Dragon Bound,Thea Harrison,4.08,48193,2011
The Last Boyfriend,Nora Roberts,4.08,46691,2012
Heartless,Marissa Meyer,4.08,151923,2016
Lick,Kylie Scott,4.08,84934,2013
Easy,Tammara Webber,4.08,225554,2012
Sense and Sensibility,Jane Austen,4.08,1092091,1811
The Iron Daughter,Julie Kagawa,4.08,124451,2010
How to Walk Away,Katherine Center,4.08,67507,2018
In Flight,R.K. Lilley,4.08,76825,2012
Visions of Heat,Nalini Singh,4.08,38315,2007
Cotillion,Georgette Heyer,4.08,15398,1953
Devil's Bride,Stephanie Laurens,4.08,20804,1998
Red Lily,Nora Roberts,4.08,38459,2005
Sorcery of Thorns,Margaret  Rogerson,4.08,96114,2019
The Winter King,C.L. Wilson,4.07,18752,2014
Seduction and Snacks,Tara Sivec,4.07,52342,2012
The Wrath and the Dawn,Renée Ahdieh,4.07,160644,2015
It Happened One Summer,Tessa Bailey,4.07,255193,2021
Carolina Moon,Nora Roberts,4.07,43099,2000
The Play,Elle Kennedy,4.07,59152,2019
Love on the Brain,Ali Hazelwood,4.07,87537,2022
Isn't It Bromantic?,Lyssa Kay Adams,4.07,20046,2021
A Lot like Love,Julie James,4.07,31866,2011
Perfect on Paper,Sophie Gonzales,4.07,21852,2021
To All the Boys I've Loved Before,Jenny Han,4.07,739461,2014
The Other Boleyn Girl,Philippa Gregory,4.07,482030,2001
Angels' Blood,Nalini Singh,4.07,87377,2009
I Kissed Shara Wheeler,Casey McQuiston,4.07,36892,2022
Seduce Me at Sunrise,Lisa Kleypas,4.07,39570,2008
Do You Want to Start a Scandal,Tessa Dare,4.07,18892,2016
Shadow of Night,Deborah Harkness,4.07,219870,2012
Slippery Creatures,K.J. Charles,4.07,7845,2020
Wildest Dreams,Kristen Ashley,4.07,31819,2011
The Summer of Broken Rules,K.L. Walther,4.07,28866,2021
The Fastest Way to Fall,Denise  Williams,4.07,13463,2021
"Take a Hint, Dani Brown",Talia Hibbert,4.06,75803,2020
Hello Stranger,Lisa Kleypas,4.06,23454,2018
Stepbrother Dearest,Penelope Ward,4.06,66152,2014
Beautiful Secret,Christina Lauren,4.06,32632,2015
The Suffragette Scandal,Courtney Milan,4.06,8335,2014
Beach Read,Emily Henry,4.06,607628,2020
When Beauty Tamed the Beast,Eloisa James,4.06,27254,2011
Shadow Spell,Nora Roberts,4.06,37196,2014
Mr. Perfect,Linda Howard,4.06,34063,2000
The Rose & the Dagger,Renée Ahdieh,4.06,85841,2016
Uprooted,Naomi Novik,4.05,209681,2015
All Together Dead,Charlaine Harris,4.05,195863,2007
Magic Bites,Ilona Andrews,4.05,117960,2007
The Darkest Night,Gena Showalter,4.05,82413,2008
Beauty: A Retelling of the Story of Beauty and the Beast,Robin McKinley,4.05,77679,1978
"Heaven, Texas",Susan Elizabeth Phillips,4.05,33014,1995
Always Only You,Chloe Liese,4.05,24067,2020
Tell Me Three Things,Julie Buxbaum,4.05,70824,2016
The Madness of Lord Ian Mackenzie,Jennifer Ashley,4.05,35753,2009
The Raven Boys,Maggie Stiefvater,4.05,332644,2012
Just Listen,Sarah Dessen,4.05,243619,2006
P.S. I Like You,Kasie West,4.05,54335,2016
Hero,Samantha Young,4.05,32391,2015
Starcrossed,Josephine Angelini,4.05,71063,2011
P.S. I Still Love You,Jenny Han,4.05,321648,2015
Garden Spells,Sarah Addison Allen,4.05,94698,2007
Sweet Temptation,Cora Reilly,4.05,47534,2020
Transcendence,Shay Savage,4.05,20945,2014
Love Only Once,Johanna Lindsey,4.05,19449,1985
The Gentleman's Guide to Vice and Virtue,Mackenzi Lee,4.05,124688,2017
Again the Magic,Lisa Kleypas,4.05,38636,2004
The Mistake,Elle Kennedy,4.05,225576,2015
Pushing the Limits,Katie McGarry,4.05,121285,2012
Magic Study,Maria V. Snyder,4.04,76628,2006
Just Last Night,Mhairi McFarlane,4.04,31666,2021
About That Night,Julie James,4.04,24376,2012
On the Edge,Ilona Andrews,4.04,42672,2009
Pleasure Unbound,Larissa Ione,4.04,53139,2008
The Soulmate Equation,Christina Lauren,4.04,136796,2021
Dear John,Nicholas Sparks,4.04,577789,2006
The Flatshare,Beth O'Leary,4.04,276885,2019
A Prince on Paper,Alyssa Cole,4.04,5598,2019
How to Marry a Marquis,Julia Quinn,4.04,20497,1999
Good Boy,Sarina Bowen,4.04,20456,2017
Daring to Dream,Nora Roberts,4.04,25394,1996
Bittersweet,Sarina Bowen,4.04,19508,2016
Emma,Jane Austen,4.04,784651,1815
The Lady's Guide to Celestial Mechanics,Olivia Waite,4.04,9945,2019
Any Duchess Will Do,Tessa Dare,4.04,23816,2013
Along for the Ride,Sarah Dessen,4.04,200653,2009
Pandemonium,Lauren Oliver,4.04,231558,2012
A Promise of Fire,Amanda Bouchet,4.04,32350,2016
One for the Money,Janet Evanovich,4.04,520424,1994
Serpent & Dove,Shelby Mahurin,4.03,220662,2019
Scandal in Spring,Lisa Kleypas,4.03,48206,2006
Secrets of a Summer Night,Lisa Kleypas,4.03,67926,2004
P.S. I Love You,Cecelia Ahern,4.03,365580,2004
Red Queen,Victoria Aveyard,4.03,833765,2015
A Marvellous Light,Freya Marske,4.03,16806,2021
Deep,Kylie Scott,4.03,38619,2015
On the Fence,Kasie West,4.03,57713,2014
The Unbecoming of Mara Dyer,Michelle Hodkin,4.03,168341,2011
Norwegian Wood,Haruki Murakami,4.03,490161,1987
A Rogue of One's Own,Evie Dunmore,4.03,30188,2020
One Good Earl Deserves a Lover,Sarah MacLean,4.03,29368,2013
The Night Circus,Erin Morgenstern,4.03,849454,2011
Playing for Keeps,R.L. Mathewson,4.03,111514,2011
Falling into You,Jasinda Wilder,4.03,53083,2013
The Baller,Vi Keeland,4.03,44153,2016
Saint Anything,Sarah Dessen,4.03,60475,2015
The 5th Wave,Rick Yancey,4.02,433565,2013
The Rosie Project,Graeme Simsion,4.02,516559,2013
Love Unscripted,Tina Reber,4.02,67961,2010
Northern Lights,Nora Roberts,4.02,43218,2004
If the Shoe Fits,Julie   Murphy,4.02,24503,2021
The Other Miss Bridgerton,Julia Quinn,4.02,27367,2018
Never Never,Colleen Hoover,4.02,86589,2015
Virgin River,Robyn Carr,4.02,61829,2007
Bitten,Kelley Armstrong,4.02,99541,2001
Guilty Pleasures,Laurell K. Hamilton,4.02,142203,1993
Worth Any Price,Lisa Kleypas,4.02,19683,2003
The Bridgertons: Happily Ever After,Julia Quinn,4.02,29594,2013
The Proposition,Katie Ashley,4.02,50566,2012
10 Blind Dates,Ashley Elston,4.02,20195,2019
Things You Save in a Fire,Katherine Center,4.02,92697,2019
Unearthly,Cynthia Hand,4.01,126498,2011
From Dead to Worse,Charlaine Harris,4.01,183532,2008
Definitely Dead,Charlaine Harris,4.01,198979,2006
If This Gets Out,Sophie Gonzales,4.01,16385,2021
Club Dead,Charlaine Harris,4.01,230201,2003
Kushiel's Dart,Jacqueline Carey,4.01,77268,2001
The Soldier's Scoundrel,Cat Sebastian,4.01,6225,2016
Naked,Raine Miller,4.01,73497,2012
Starry Eyes,Jenn Bennett,4.01,26572,2018
It Had to Be You,Susan Elizabeth Phillips,4.01,64323,1994
Royally Screwed,Emma Chase,4.01,42073,2016
Only When It's Us,Chloe Liese,4.01,26179,2020
Sugar Daddy,Lisa Kleypas,4.01,42517,2007
The American Roommate Experiment,Elena  Armas,4.01,23341,2022
Midnight Sun [2008 Draft],Stephenie Meyer,4.01,149452,2008
It's in His Kiss,Julia Quinn,4.01,105907,2005
Isla and the Happily Ever After,Stephanie Perkins,4.01,113789,2014
Dead and Gone,Charlaine Harris,4.01,183547,2009
The Girl You Left Behind,Jojo Moyes,4.01,153951,2012
Never Never: Part Two,Colleen Hoover,4.01,55286,2015
One Last Stop,Casey McQuiston,4.01,154210,2021
When He Was Wicked,Julia Quinn,4.01,124412,2004
The Sun Is Also a Star,Nicola Yoon,4.01,281659,2016
The Heart Principle,Helen Hoang,4.01,82190,2021
Vicious,L.J. Shen,4.01,111719,2016
Wallbanger,Alice Clayton,4.01,198768,2012
A Discovery of Witches,Deborah Harkness,4.01,445677,2011
The Fine Print,Lauren Asher,4.01,118844,2021
Leo,Mia Sheridan,4.0,38850,2013
I Capture the Castle,Dodie Smith,4.0,95848,1948
Float Plan,Trish Doller,4.0,21703,2021
The Problem with Forever,Jennifer L. Armentrout,4.0,52500,2016
Crescendo,Becca Fitzpatrick,4.0,307676,2010
Leaving Paradise,Simone Elkeles,4.0,42404,2007
Spin the Dawn,Elizabeth Lim,4.0,44639,2019
Forever My Girl,Heidi McLaughlin,4.0,51233,2012
Forbidden,Tabitha Suzuma,4.0,67402,2010
The Unexpected Everything,Morgan Matson,4.0,38823,2016
The Price of Salt,Patricia Highsmith,4.0,58301,1952
The Duchess Deal,Tessa Dare,4.0,48340,2017
Birthday Girl,Penelope Douglas,4.0,155589,2018
"Everything, Everything",Nicola Yoon,4.0,539107,2015
Idol,Kristen Callihan,4.0,33894,2016
Lock and Key,Sarah Dessen,4.0,147313,2008
Eleven Scandals to Start to Win a Duke's Heart,Sarah MacLean,4.0,26960,2011
Backstage Pass,Olivia Cunning,4.0,60233,2010
Broken Prince,Erin Watt,4.0,85058,2016
Ella Enchanted,Gail Carson Levine,3.99,403722,1997
Under the Never Sky,Veronica Rossi,3.99,113454,2011
After I Do,Taylor Jenkins Reid,3.99,74312,2014
Ten Things I Love About You,Julia Quinn,3.99,24867,2010
Changeless,Gail Carriger,3.99,44786,2010
Blameless,Gail Carriger,3.99,39484,2010
Insurgent,Veronica Roth,3.99,1367875,2012
The Switch,Beth O'Leary,3.99,95605,2020
Daughter of Smoke & Bone,Laini Taylor,3.99,352283,2011
Where She Went,Lisa Kleypas,3.99,282137,2011
Only Mostly Devastated,Sophie Gonzales,3.99,23451,2020
The Last Letter from Your Lover,Jojo Moyes,3.99,109017,2008
Dark Prince,Christine Feehan,3.99,55659,1999
Flat-Out Love,Jessica Park,3.99,58622,2011
The Secret of Ella and Micha,Jessica Sorensen,3.99,70471,2012
The Best Thing,Mariana Zapata,3.99,27936,2019
Midnight Bayou,Nora Roberts,3.99,33186,2001
The Villa,Nora Roberts,3.99,28231,2001
Lord of the Fading Lands,C.L. Wilson,3.99,20804,2007
Rapture,Lauren Kate,3.99,112876,2012
A Beautiful Wedding,Jamie McGuire,3.99,62556,2013
One of Us Is Lying,Karen M. McManus,3.99,603338,2017
Wicked,Jennifer L. Armentrout,3.99,44787,2014
Stalking Jack the Ripper,Kerri Maniscalco,3.98,111531,2016
Fangirl,Rainbow Rowell,3.98,695972,2013
The Hating Game,Sally  Thorne,3.98,537504,2016
The Goal,Elle Kennedy,3.98,132250,2016
Looking for Alaska,John Green,3.98,1408442,2005
My Life Next Door,Huntley Fitzpatrick,3.98,147935,2012
History Is All You Left Me,Adam Silvera,3.98,60787,2017
The Silver Linings Playbook,Matthew Quick,3.98,154784,2008
In Bed with a Highlander,Maya Banks,3.98,33404,2011
Under Locke,Mariana Zapata,3.98,70425,2014
Wicked and the Wallflower,Sarah MacLean,3.98,17089,2018
"Alex, Approximately",Jenn Bennett,3.98,44969,2017
My Favorite Mistake,Chelsea M. Cameron,3.98,55970,2012
The Wedding,Nicholas Sparks,3.98,151092,2003
Rhapsodic,Laura Thalassa,3.98,88341,2016
Bringing Down the Duke,Evie Dunmore,3.97,63015,2019
The Spanish Love Deception,Elena  Armas,3.97,377868,2021
Eleanor & Park,Rainbow Rowell,3.97,1066165,2012
Message in a Bottle,Nicholas Sparks,3.97,227762,1998
The Sky Is Everywhere,Jandy Nelson,3.97,102011,2010
The Hook Up,Kristen Callihan,3.97,53050,2014
The Elite,Kiera Cass,3.97,645722,2013
Crash,Nicole  Williams,3.97,60399,2012
Warprize,Elizabeth Vaughan,3.97,18725,2005
Flipped,Wendelin Van Draanen,3.97,109473,2001
Kingdom of the Wicked,Kerri Maniscalco,3.96,148866,2020
Beyond the Highland Mist,Karen Marie Moning,3.96,69756,1999
Hands Down,Mariana Zapata,3.96,32373,2020
Lady Sophia's Lover,Lisa Kleypas,3.96,19157,2002
Tweet Cute,Emma Lord,3.96,52886,2020
Romancing Mister Bridgerton,Julia Quinn,3.96,188360,2002
The Winner's Curse,Marie Rutkoski,3.96,105328,2014
This is How You Lose the Time War,Amal El-Mohtar,3.96,100491,2019
The Kiss of Deception,Mary E. Pearson,3.96,116655,2014
Practice Makes Perfect,Julie James,3.96,31107,2009
Living Dead in Dallas,Charlaine Harris,3.96,245842,2002
The Best of Me,Nicholas Sparks,3.96,161814,2010
The Year We Fell Down,Sarina Bowen,3.96,28236,2014
Tokyo Ever After,Emiko Jean,3.96,31215,2021
The Girl He Used to Know,Tracey Garvis Graves,3.96,42169,2019
Friends Without Benefits,Penny Reid,3.96,26016,2013
These Violent Delights,Chloe Gong,3.96,95723,2020
Beautiful Bastard,Christina Lauren,3.96,187771,2013
Never Judge a Lady by Her Cover,Sarah MacLean,3.96,19315,2014
The Age of Innocence,Edith Wharton,3.96,158108,1920
You Deserve Each Other,Sarah Hogle,3.95,77084,2020
An Offer From a Gentleman,Julia Quinn,3.95,192481,2001
Paper Princess,Erin Watt,3.95,126593,2016
Shadow and Bone,Leigh Bardugo,3.95,776233,2012
Too Late,Colleen Hoover,3.95,90978,2016
Agnes and the Hitman,Jennifer Crusie,3.95,19791,2007
American Queen,Sierra Simone,3.95,28416,2016
Far From the Madding Crowd,Thomas Hardy,3.95,142383,1874
The Rogue Not Taken,Sarah MacLean,3.95,21806,2015
A Midsummer Night's Dream,William Shakespeare,3.95,498829,1595
One Plus One,Jojo Moyes,3.95,162582,2014
Dark Witch,Nora Roberts,3.95,60592,2013
Like Water for Chocolate,Laura Esquivel,3.95,347670,1989
Just Like Heaven,Julia Quinn,3.95,47800,2011
The Raven Prince,Elizabeth Hoyt,3.95,22313,2006
The Vincent Boys,Abbi Glines,3.95,73664,2011
Dear Aaron,Mariana Zapata,3.95,40646,2017
"Love, Rosie",Cecelia Ahern,3.94,122412,2004
Sins & Needles,Karina Halle,3.94,22475,2013
Blurred Lines,Lauren Layne,3.94,24337,2015
Bully,Penelope Douglas,3.94,161031,2013
I've Got Your Number,Sophie Kinsella,3.94,214926,2011
Something About You,Julie James,3.94,60302,2010
Something Blue,Emily Giffin,3.94,213771,2005
We'll Always Have Summer,Jenny Han,3.94,224027,2011
King's Cage,Victoria Aveyard,3.94,200495,2017
"Hush, Hush",Becca Fitzpatrick,3.94,660659,2009
Welcome to Temptation,Jennifer Crusie,3.94,33011,2000
The Girl with the Make-Believe Husband,Julia Quinn,3.94,31086,2017
Twisted Palace,Erin Watt,3.93,67980,2016
The Queer Principles of Kit Webb,Cat Sebastian,3.93,5949,2021
Bet Me,Jennifer Crusie,3.93,90477,2004
Big Rock,Lauren Blakely,3.93,32326,2016
Rosaline Palmer Takes the Cake,Alexis  Hall,3.93,8614,2021
The Best Man,Kristan Higgins,3.93,27147,2013
Master of Crows,Grace Draven,3.93,16671,2009
Love in the Time of Cholera,Gabriel García Márquez,3.93,466520,1985
Geekerella,Ashley Poston,3.93,59104,2017
Marriage for One,Ella Maise,3.93,60911,2019
A Rogue by Any Other Name,Sarah MacLean,3.93,40424,2012
Dragon Actually,G.A. Aiken,3.92,28733,2004
The Day of the Duchess,Sarah MacLean,3.92,14031,2017
Atonement,Ian McEwan,3.92,485925,2001
Pucked,Helena Hunting,3.92,58892,2015
Lola and the Boy Next Door,Stephanie Perkins,3.92,160612,2011
Polaris Rising,Jessie Mihalik,3.92,10458,2019
All the Feels,Olivia Dade,3.92,15136,2021
The Countess Conspiracy,Courtney Milan,3.92,11711,2013
Kiss of Midnight,Lara Adrian,3.92,64186,2007
Until Friday Night,Abbi Glines,3.92,55583,2015
Knight,Kristen Ashley,3.92,53672,2012
Pestilence,Laura Thalassa,3.92,62447,2018
Hex Hall,Rachel Hawkins,3.92,140304,2010
The Distance Between Us,Kasie West,3.92,75238,2013
The Duke Who Didn't,Courtney Milan,3.92,4475,2020
Lady Isabella's Scandalous Marriage,Jennifer Ashley,3.92,16893,2010
Someone Like You,Sarah Dessen,3.92,101491,1998
Faking It,Jennifer Crusie,3.92,18934,2002
One Week Girlfriend,Monica  Murphy,3.92,52570,2013
Truth or Beard,Penny Reid,3.91,46697,2015
The Chase,Elle Kennedy,3.91,109987,2018
Rush,Maya Banks,3.91,75310,2013
Written in the Stars,Alexandria Bellefleur,3.91,31978,2020
The Upside of Unrequited,Becky Albertalli,3.91,72060,2017
The Heiress Effect,Courtney Milan,3.91,14403,2013
The Bromance Book Club,Lyssa Kay Adams,3.91,77742,2019
The Governess Game,Tessa Dare,3.91,27195,2018
Warm Bodies,Isaac Marion,3.91,102702,2010
Turtles All the Way Down,John Green,3.91,475614,2017
Covet,J.R. Ward,3.91,49252,2009
What I Did for Love,Susan Elizabeth Phillips,3.91,18807,2009
To Catch an Heiress,Julia Quinn,3.91,17815,1998
The Hooker and the Hermit,L.H. Cosway,3.91,26872,2015
Anna Dressed in Blood,Kendare Blake,3.91,103192,2011
The Prince,Kiera Cass,3.91,76240,2013
One to Watch,(Pseudonym),3.91,81435,2020
Brutal Prince,Sophie Lark,3.9,59077,2020
Barbarian Lover,Ruby Dixon,3.9,31023,2015
Shatter Me,Tahereh Mafi,3.9,517418,2011
XOXO,Axie Oh,3.9,16609,2021
A Room with a View,E.M. Forster,3.9,169459,1908
The Friend Zone,Abby Jimenez,3.9,88892,2019
Hooked,Emily McIntire,3.9,57684,2021
Dumplin',Julie   Murphy,3.9,83838,2015
The No-Show,Beth O'Leary,3.9,35240,2022
The Fill-In Boyfriend,Kasie West,3.9,61519,2015
RoomHate,Penelope Ward,3.9,59673,2016
These Broken Stars,Amie Kaufman,3.9,68276,2013
A Quick Bite,Lynsay Sands,3.9,42772,2005
A Thousand Pieces of You,Claudia Gray,3.9,55547,2014
The Perfect Play,Jaci Burton,3.9,38713,2011
Neanderthal Seeks Human,Penny Reid,3.9,60932,2013
Undercover Bromance,Lyssa Kay Adams,3.89,37661,2020
Just One Year,Gayle Forman,3.89,42605,2013
Dead in the Family,Charlaine Harris,3.89,158836,2010
The Falling in Love Montage,Ciara Smyth,3.89,18347,2020
Romancing the Duke,Tessa Dare,3.89,40861,2014
Ayesha at Last,Uzma Jalaluddin,3.89,21810,2018
Grave Mercy,Robin LaFevers,3.89,104570,2012
Crazy Rich Asians,Kevin Kwan,3.89,430349,2013
The Shadows Between Us,Tricia Levenseller,3.89,128699,2020
The Secret Diaries of Miss Miranda Cheever,Julia Quinn,3.89,40314,2007
Soulless,Gail Carriger,3.89,107608,2009
Throttled,Lauren Asher,3.88,67884,2020
Ten Ways to Be Adored When Landing a Lord,Sarah MacLean,3.88,24842,2010
The Iron King,Julie Kagawa,3.88,207758,2010
Attachments,Rainbow Rowell,3.88,190317,2011
Portrait of a Scotsman,Evie Dunmore,3.88,22701,2021
Lolita,Vladimir Nabokov,3.88,763469,1955
The Lover's Dictionary,David Levithan,3.88,44871,2011
A Kiss for Midwinter,Courtney Milan,3.88,9569,2012
Ricochet,Krista Ritchie,3.88,48742,2013
Rainshadow Road,Lisa Kleypas,3.87,15510,2012
Well Matched,(Editor/Contributer),3.87,18109,2021
Bound by Honor,Cora Reilly,3.87,77006,2014
Act Like It,Lucy  Parker,3.87,10804,2015
Don't You Forget About Me,Mhairi McFarlane,3.87,40746,2019
A Night Like This,Julia Quinn,3.87,26914,2012
A Lady by Midnight,Tessa Dare,3.87,18785,2012
The Bride Test,Helen Hoang,3.87,131144,2019
A Wallflower Christmas,Lisa Kleypas,3.87,24035,2008
Love & Other Disasters,Anita Kelly,3.87,11166,2022
A Girl Like Her,Talia Hibbert,3.87,8220,2018
The Unwanted Wife,Natasha Anders,3.87,39577,2012
The Light We Lost,Jill Santopolo,3.87,131246,2017
Mansfield Park,Charlaine Harris,3.86,321831,1814
By Your Side,Kasie West,3.86,47582,2017
What If It's Us,David Nicholls,3.86,121957,2018
Minx,Julia Quinn,3.86,16764,1996
Kiss of Steel,Bec McMaster,3.86,12266,2012
Hang the Moon,Alexandria Bellefleur,3.86,10989,2021
Maybe Not,Colleen Hoover,3.86,76362,2014
Unveiled,Courtney Milan,3.86,9105,2011
Uglies,Scott Westerfeld,3.85,622785,2005
The Host,Stephenie Meyer,3.85,963467,2008
Well Met,Jen DeLuca,3.85,58786,2019
A Touch of Darkness,Scarlett St.  Clair,3.85,142444,2019
To Love Jason Thorn,Ella Maise,3.85,79607,2015
Twenties Girl,Sophie Kinsella,3.85,161930,2009
"To Sir, with Love",Lauren Layne,3.85,18958,2021
The Governess Affair,Courtney Milan,3.85,17261,2012
The Undomestic Goddess,Sophie Kinsella,3.85,282087,2005
Siege and Storm,Leigh Bardugo,3.85,486943,2013
Torment,Lauren Kate,3.85,226778,2010
Breathe,Abbi Glines,3.85,82311,2011
This Time Next Year,Sophie Cousens,3.85,71158,2020
Hearts in Darkness,Laura Kaye,3.85,36815,2011
Everything Leads to You,Nina LaCour,3.85,32061,2014
American Royals,Katharine McGee,3.84,94008,2019
Nights in Rodanthe,Nicholas Sparks,3.84,164417,2002
Evvie Drake Starts Over,Linda  Holmes,3.84,119436,2019
If I Never Met You,Mhairi McFarlane,3.84,53076,2020
Addicted to You,Krista Ritchie,3.84,87419,2013
They Both Die at the End,Adam Silvera,3.84,515457,2017
On the Way to the Wedding,Julia Quinn,3.84,89776,2006
Fifty Shades Freed,E.L. James,3.84,795618,2012
Catching Jordan,Miranda Kenneally,3.84,61749,2011
The Iron Duke,Meljean Brook,3.84,16737,2010
At First Sight,Nicholas Sparks,3.84,84338,2004
The Bookshop on the Corner,Jenny Colgan,3.84,73591,2016
China Rich Girlfriend,Kevin Kwan,3.84,188682,2015
Northanger Abbey,Jane Austen,3.84,356726,1817
Wrong,Jana Aston,3.84,43621,2015
The Summer I Turned Pretty,Jenny Han,3.84,396929,2009
Battle Royal,Lucy  Parker,3.84,8793,2021
Beastly,Alex Flinn,3.83,174950,2007
First Comes Scandal,Julia Quinn,3.83,22463,2020
The Trouble with Hating You,Sajni Patel,3.83,19351,2020
"I'd Tell You I Love You, But Then I'd Have to Kill You",Ally Carter,3.83,185180,2006
After We Fell,Anna Todd,3.83,125212,2014
Say Yes to the Marquess,Tessa Dare,3.83,21080,2014
My Killer Vacation,Tessa Bailey,3.83,47186,2022
Normal People,Sally Rooney,3.83,948855,2018
Beautiful Darkness,Kami Garcia,3.83,132770,2010
Fifty Shades Darker,E.L. James,3.83,837476,2011
The Duchess War,Courtney Milan,3.82,26223,2012
Roomies,Christina Lauren,3.82,58406,2017
The Bookish Life of Nina Hill,Abbi Waxman,3.82,87372,2019
Bombshell,Sarah MacLean,3.82,8823,2021
Boy Meets Boy,David Levithan,3.82,72807,2003
Wicked Intentions,Elizabeth Hoyt,3.82,18073,2010
The Boy Next Door,Meg Cabot,3.82,66285,2002
The Duke and I,Julia Quinn,3.82,356433,2000
The Sisterhood of the Traveling Pants,Ann Brashares,3.82,672829,2001
How to Fail at Flirting,Denise  Williams,3.82,24275,2020
The Proposal,Mary Balogh,3.82,11343,2012
Tess of the D’Urbervilles,Thomas Hardy,3.82,264435,1891
Corrupt,Penelope Douglas,3.81,138238,2015
True Believer,Nicholas Sparks,3.81,84084,2003
Crave,Tracy Wolff,3.81,97338,2020
Just Haven't Met You Yet,Sophie Cousens,3.81,35118,2021
Anyone But You,Jennifer Crusie,3.81,20167,1996
Conversations with Friends,Sally Rooney,3.81,338938,2017
The DUFF: Designated Ugly Fat Friend,Kody Keplinger,3.81,190279,2010
Grey,E.L. James,3.81,167773,2015
Maybe in Another Life,Taylor Jenkins Reid,3.81,120415,2015
The Royal We,Heather Cocks,3.81,61552,2015
Remember Me?,Sophie Kinsella,3.8,240254,2008
A Court of Frost and Starlight,Sarah J. Maas,3.8,433701,2018
The Princess Diaries,Meg Cabot,3.8,247084,2000
A Kiss at Midnight,Eloisa James,3.8,19209,2010
To Kill a Kingdom,Alexandra Christo,3.8,136587,2018
The Marriage Bargain,Jennifer Probst,3.8,109486,2010
My Not So Perfect Life,Sophie Kinsella,3.8,111635,2017
Dead Reckoning,Charlaine Harris,3.8,122829,2011
Tools of Engagement,Tessa Bailey,3.79,36814,2020
The Wedding Party,Jasmine Guillory,3.78,44329,2019
A Princess in Theory,Alyssa Cole,3.78,14602,2018
Twisted Love,Ana Huang,3.78,156928,2021
The Statistical Probability of Love at First Sight,Jennifer E. Smith,3.77,113752,2012
Across the Universe,Beth Revis,3.77,117352,2011
Someone to Watch Over Me,Jen DeLuca,3.77,21345,1998
Royals,Rachel Hawkins,3.77,22774,2018
A Deal with the Elf King,Elise Kova,3.77,61780,2020
Firelight,Kristen Callihan,3.77,16432,2012
You've Reached Sam,Dustin Thao,3.77,52535,2021
Once and for All,Sarah Dessen,3.76,33164,2017
Christmas Eve at Friday Harbor,Lisa Kleypas,3.76,19147,2010
Beauty and the Blacksmith,Tessa Dare,3.76,11041,2013
The Legacy,Elle Kennedy,3.76,51832,2021
By the Book,Jasmine Guillory,3.76,16655,2022
Holding Up the Universe,Jennifer Niven,3.76,105375,2016
Beautiful Creatures,Kami Garcia,3.76,578256,2009
The Two Lives of Lydia Bird,Josie Silver,3.76,56854,2020
Dash & Lily's Book of Dares,Rachel Cohn,3.76,90591,2010
Dial A for Aunties,Jesse Q. Sutanto,3.76,58738,2021
The Cheat Sheet,Sarah       Adams,3.76,88916,2021
Priest,Sierra Simone,3.76,58593,2015
While We Were Dating,Jasmine Guillory,3.76,29416,2021
Shiver,Maggie Stiefvater,3.76,465220,2009
"To Sir Phillip, With Love",Julia Quinn,3.76,140654,2003
The Ex Talk,Rachel Lynn Solomon,3.76,57761,2021
A Lot Like Adiós,Alexis Daria,3.75,9457,2021
Mr. Wrong Number,Lynn Painter,3.75,30262,2022
Pride,Ibi Zoboi,3.75,25057,2018
Under One Roof,Ali Hazelwood,3.75,69278,2022
Layla,Colleen Hoover,3.75,198655,2020
Intercepted,Alexa  Martin,3.75,11474,2018
You Made a Fool of Death with Your Beauty,Akwaeke Emezi,3.75,14222,2022
A Night to Surrender,Tessa Dare,3.75,24837,2011
Frankly in Love,David  Yoon,3.75,26164,2019
Trade Me,Courtney Milan,3.75,5305,2015
Neon Gods,Katee Robert,3.74,112532,2021
In a Holidaze,Christina Lauren,3.74,110076,2020
Paper Towns,John Green,3.74,1193459,2008
Accidentally Engaged,Farah Heron,3.74,10617,2021
Something Wilder,Christina Lauren,3.74,42112,2022
A Scot in the Dark,Sarah MacLean,3.74,14277,2016
The Wisteria Society of Lady Scoundrels,India Holton,3.74,15428,2021
The Lost Duke of Wyndham,Julia Quinn,3.74,22186,2008
Romeo and Juliet,William Shakespeare,3.74,2376465,1597
After We Collided,Anna Todd,3.73,163476,2013
We Were Liars,E. Lockhart,3.73,919633,2014
Dating Dr. Dil,Nisha Sharma,3.73,29881,2022
Let's Talk About Love,Claire Kann,3.73,9914,2018
Fight or Flight,Samantha Young,3.73,21971,2018
Breaking Dawn,Stephenie Meyer,3.72,1544376,2008
Midnight Sun,Stephenie Meyer,3.72,194655,2020
Fallen,Lauren Kate,3.72,553649,2009
Would Like to Meet,Rachel Winters,3.72,19515,2019
"Will Grayson, Will Grayson",John Green,3.72,378446,2010
Hate to Want You,Alisha Rai,3.72,6516,2017
The Siren,Kiera Cass,3.72,76367,2009
Girl Gone Viral,Alisha Rai,3.72,10713,2020
The Intimacy Experiment,Rosie Danan,3.71,15730,2021
A Pho Love Story,Loan Le,3.71,15200,2021
Let it Snow,John Green,3.71,136871,2008
Below Zero,Ali Hazelwood,3.71,38828,2022
Stuck with You,Ali Hazelwood,3.71,48423,2022
After,K.A. Tucker,3.71,263884,2014
Husband Material,Alexis  Hall,3.71,12169,2022
Love Lettering,Kate Clayborn,3.7,39426,2019
You Had Me at Hola,Alexis Daria,3.7,32398,2020
Nick & Norah's Infinite Playlist,Rachel Cohn,3.7,83459,2006
Tempting the Best Man,J. Lynn,3.69,33510,2012
The Secret History of the Pink Carnation,Lauren Willig,3.69,22581,2004
Weather Girl,Rachel Lynn Solomon,3.69,25101,2022
When Dimple Met Rishi,Sandhya Menon,3.69,52486,2017
Wicked Lovely,Melissa Marr,3.69,162190,2007
Payback's a Witch,Lana  Harper,3.69,15882,2021
"Pride, Prejudice, and Other Flavors",Sonali Dev,3.69,15208,2019
Ice Planet Barbarians,Ruby Dixon,3.68,75411,2015
Credence,Penelope Douglas,3.68,102715,2020
Confessions of a Shopaholic,Sophie Kinsella,3.68,705542,2000
The Roughest Draft,Emily Wibberley,3.67,26355,2022
Emergency Contact,Mary H.K. Choi,3.67,38653,2018
The Heir,Kiera Cass,3.67,300177,2015
My True Love Gave to Me: Twelve Holiday Stories,Stephanie Perkins,3.67,39069,2014
This Is What Happy Looks Like,Jennifer E. Smith,3.67,50009,2013
Much Ado About You,Samantha Young,3.67,15445,2021
Opposite of Always,Justin A. Reynolds,3.67,22288,2019
Something to Talk About,Meryl Wilsner,3.66,19263,2020
The Dating Plan,Sara Desai,3.66,34929,2021
Shipped,Angie Hockman,3.66,51696,2021
Cruel Beauty,Rosamund Hodge,3.66,87119,2014
Fifty Shades of Grey,E.L. James,3.66,2327268,2011
The Secrets of Sir Richard Kenworthy,Julia Quinn,3.66,18785,2015
The Bridges of Madison County,Robert James Waller,3.66,89660,1992
The Right Swipe,Alisha Rai,3.65,21234,2019
The Upside of Falling,Alex Light,3.65,63660,2020
The Ugly Duchess,Eloisa James,3.65,13514,2012
The Roommate,Rosie Danan,3.65,76613,2020
The Crown,Kiera Cass,3.65,223841,2016
The Geography of You and Me,Jennifer E. Smith,3.65,33598,2014
Fix Her Up,Tessa Bailey,3.65,93869,2019
Meet Me in the Margins,Melissa    Ferguson,3.64,17452,2022
Love Story,Erich Segal,3.64,57475,1970
Dating You / Hating You,Christina Lauren,3.63,27840,2017
Matched,Ally Condie,3.63,732124,2010
The Road Trip,Beth O'Leary,3.61,63228,2021
The Holiday Swap,Maggie Knox,3.61,36104,2021
Allegiant,Veronica Roth,3.61,961821,2013
Bridget Jones: The Edge of Reason,Helen Fielding,3.6,107531,1999
The Wedding Date,Jasmine Guillory,3.6,124943,2018
Eligible: A Modern Retelling of Pride & Prejudice,Curtis Sittenfeld,3.6,83519,2016
"Eat, Pray, Love",Elizabeth Gilbert,3.6,1638005,2006
Good Girl Complex,Elle Kennedy,3.6,39196,2022
Once Upon a Winter's Eve,Tessa Dare,3.59,11582,2011
"Beautiful World, Where Are You",Sally Rooney,3.59,250892,2021
Second First Impressions,Sally  Thorne,3.59,60023,2021
Evermore,Alyson Noel,3.59,282408,2009
The Boyfriend Project,Farrah Rochon,3.58,14233,2020
New Moon,Stephenie Meyer,3.57,1734961,2006
The Tourist Attraction,Sarah Morgenthaler,3.56,24886,2020
Austenland,Shannon Hale,3.55,86635,2007
The Ex Hex,Erin Sterling,3.55,93853,2021
Desperate Measures,Katee Robert,3.55,27506,2019
Reached,Ally Condie,3.55,157531,2012
Wintersong,S. Jae-Jones,3.54,29627,2017
Landline,Rainbow Rowell,3.54,161979,2014
The Marriage Game,Sara Desai,3.53,14635,2020
Crossed,Ally Condie,3.52,234069,2011
Lady Chatterley's Lover,D.H. Lawrence,3.51,111798,1928
Waiting for Tom Hanks,Kerry Winfrey,3.51,23413,2019
To Love and to Loathe,Martha Waters,3.51,11074,2021
Royal Holiday,Jasmine Guillory,3.5,35927,2019
The Proposal,Jane Austen,3.49,100627,2018
Shades of Milk and Honey,Mary Robinette Kowal,3.49,15908,2010
Wedding Night,Sophie Kinsella,3.45,90221,2013
99 Percent Mine,Sally  Thorne,3.39,69346,2019
